{"stats":{"minecraft:mined":{"minecraft:grass_block":1,"biomesoplenty:tall_white_lavender":2,"biomesoplenty:sprout":1,"minecraft:grass":1},"minecraft:dropped":{"armoroftheages:holy_armor_chest":1,"armoroftheages:holy_armor_feet":1,"treasure2:gold_coin":1,"armoroftheages:holy_armor_head":1,"illager_additions:cowboy_hat":1,"minecraft:sculk_catalyst":1,"scalinghealth:heart_crystal":11,"armoroftheages:holy_armor_legs":1,"fromtheshadows:plague_doctor_mask":1,"treasure2:wood_key":1},"minecraft:custom":{"minecraft:interact_with_anvil":1,"minecraft:mob_kills":46,"minecraft:raid_trigger":1,"minecraft:damage_dealt_resisted":2,"minecraft:leave_game":6,"minecraft:time_since_death":74069,"minecraft:time_since_rest":74069,"minecraft:sprint_one_cm":88129,"minecraft:damage_taken":4287,"minecraft:walk_one_cm":98322,"minecraft:drop":10,"minecraft:minecart_one_cm":524,"minecraft:damage_dealt":20264,"minecraft:swim_one_cm":327,"minecraft:fly_one_cm":662874,"minecraft:open_chest":1,"minecraft:crouch_one_cm":5376,"minecraft:play_time":74069,"minecraft:sneak_time":2296,"minecraft:walk_under_water_one_cm":2368,"minecraft:jump":901,"minecraft:walk_on_water_one_cm":3416,"minecraft:total_world_time":74069,"minecraft:fall_one_cm":4297},"minecraft:killed":{"illager_additions:spearman":2,"minecraft:pig":1,"fromtheshadows:cleric":3,"alexsmobs:raccoon":1,"minecraft:spider":1,"minecraft:vindicator":11,"fromtheshadows:bulldrogioth":1,"illager_additions:new_samurai":3,"enemyexpansion:direwolf":1,"mowziesmobs:frostmaw":1,"minecraft:creeper":4,"minecraft:sheep":4,"minecraft:skeleton":1,"minecraft:pillager":5,"minecraft:zombie":2,"fromtheshadows:nehemoth":1,"alexsmobs:fly":1,"minecraft:warden":1,"minecraft:cow":2},"minecraft:used":{"alexsmobs:spawn_egg_raccoon":1,"minecraft:netherite_sword":147,"mowziesmobs:umvuthana_spawn_egg":2,"minecraft:flint_and_steel":2,"fantasyfurniture:nordic/floor_light":1,"illager_additions:master_katana":56,"minecraft:vex_spawn_egg":1,"minecraft:vindicator_spawn_egg":10,"fromtheshadows:nehemoth_spawn_egg":1,"fantasyfurniture:decorations/presents_stack_2":5,"cubicracers:flame_flyer":1,"minecraft:anvil":1,"scalinghealth:heart_crystal":146,"mowziesmobs:frostmaw_spawn_egg":1,"enemyexpansion:faller_spawn_egg":2,"enemyexpansion:troll_spawn_egg":1,"cubicracers:b_dasher":1,"fantasyfurniture:decorations/fairy_lights_2":2,"minecraft:wooden_axe":22,"minecraft:hoglin_spawn_egg":1,"illager_additions:spear":25,"treasure2:compressor_chest":1,"illager_additions:spearman_spawn_egg":1,"fantasyfurniture:decorations/fairy_lights_1":3,"cubicracers:standard_kart":3,"cubicracers:item_box_spawn_item":2,"fantasyfurniture:decorations/presents_stack_1":7,"fantasyfurniture:decorations/bolts_of_cloth":2,"illager_additions:samurai_spawn_egg":2,"cubicracers:red_bouncing_mushroom_block":1,"alexsmobs:animal_dictionary":2},"minecraft:picked_up":{"minecraft:leather":5,"minecraft:gunpowder":5,"scalinghealth:heart_crystal":1,"minecraft:dirt":1,"minecraft:white_banner":2,"alexsmobs:ancient_dart":1,"minecraft:iron_axe":1,"fromtheshadows:suspicious_cloth":2,"minecraft:bone":4,"minecraft:beef":1,"scalinghealth:power_crystal_shard":2,"minecraft:poppy":1,"mowziesmobs:umvuthana_mask_misery":1,"minecraft:sculk_catalyst":1,"minecraft:tipped_arrow":5,"fromtheshadows:crystallized_blood":1,"minecraft:dandelion":1,"minecraft:porkchop":1,"treasure2:wood_key":1,"minecraft:grass_block":1,"treasure2:compressor_chest":2,"illager_additions:samurai_pants":1,"minecraft:arrow":2,"minecraft:rotten_flesh":3,"treasure2:ironbound_chest":1,"treasure2:gold_coin":1,"mowziesmobs:ice_crystal":1,"fromtheshadows:crimson_shell":2,"minecraft:emerald":14,"alexsmobs:maggot":2,"minecraft:black_wool":2,"minecraft:mutton":4,"minecraft:white_wool":2,"minecraft:sunflower":8}},"DataVersion":3465}