{"stats":{"minecraft:killed":{"minecraft:spider":2},"minecraft:custom":{"minecraft:time_since_rest":16628,"minecraft:crouch_one_cm":1778,"minecraft:play_time":16628,"minecraft:sprint_one_cm":18513,"minecraft:damage_taken":187,"minecraft:walk_one_cm":13216,"minecraft:sneak_time":895,"minecraft:walk_under_water_one_cm":5235,"minecraft:mob_kills":3,"minecraft:drop":1,"minecraft:jump":152,"minecraft:damage_dealt":187,"minecraft:time_since_death":16628,"minecraft:walk_on_water_one_cm":1329,"minecraft:total_world_time":16628,"minecraft:swim_one_cm":5789,"minecraft:fall_one_cm":209,"minecraft:fly_one_cm":123284},"minecraft:mined":{"biomesoplenty:dune_grass":1},"minecraft:picked_up":{"minecraft:cactus":1,"cubicracers:item_box_spawn_item":1,"biomesoplenty:orange_sand":10},"minecraft:dropped":{"cubicracers:item_box_spawn_item":1},"minecraft:used":{"cubicracers:item_box_spawn_item":6,"cubicracers:road_maker":1,"minecraft:cactus":5,"biomesoplenty:orange_sand":3,"cubicracers:standard_kart":3}},"DataVersion":3465}