{"stats":{"minecraft:picked_up":{"armoroftheages:holy_armor_chest":1,"armoroftheages:holy_armor_head":1,"minecraft:feather":2,"armoroftheages:holy_armor_feet":1,"illager_additions:cowboy_hat":1,"armoroftheages:holy_armor_legs":1,"minecraft:emerald":1,"fromtheshadows:plague_doctor_mask":1,"scalinghealth:heart_crystal":11,"mowziesmobs:umvuthana_mask_misery":1},"minecraft:used":{"armoroftheages:holy_armor_head":1,"scalinghealth:heart_crystal":5,"mowziesmobs:umvuthana_mask_misery":1,"minecraft:grass_block":2,"armoroftheages:holy_armor_feet":1,"fromtheshadows:plague_doctor_mask":1,"alexsmobs:animal_dictionary":1,"armoroftheages:holy_armor_legs":1,"illager_additions:cowboy_hat":1,"armoroftheages:holy_armor_chest":1},"minecraft:custom":{"minecraft:open_chest":4,"minecraft:time_since_rest":37047,"minecraft:crouch_one_cm":6835,"minecraft:play_time":37047,"minecraft:sprint_one_cm":43879,"minecraft:damage_taken":180,"minecraft:walk_one_cm":50430,"minecraft:sneak_time":2290,"minecraft:walk_under_water_one_cm":2641,"minecraft:drop":1,"minecraft:damage_dealt_resisted":2,"minecraft:jump":430,"minecraft:damage_dealt":249,"minecraft:time_since_death":37047,"minecraft:leave_game":2,"minecraft:walk_on_water_one_cm":1708,"minecraft:total_world_time":37047,"minecraft:swim_one_cm":906,"minecraft:fall_one_cm":9219,"minecraft:fly_one_cm":398664},"minecraft:dropped":{"mowziesmobs:umvuthana_mask_misery":1}},"DataVersion":3465}