{
  "alexsmobs:alexsmobs/emu": {
    "criteria": {
      "killed_by": "2024-10-09 22:10:42 +0000"
    },
    "done": true
  },
  "biomesoplenty:recipes/transportation/willow_boat": {
    "criteria": {
      "in_water": "2024-10-09 22:04:57 +0000"
    },
    "done": true
  },
  "minecraft:recipes/building_blocks/glass": {
    "criteria": {
      "has_smelts_to_glass": "2024-10-09 22:18:46 +0000"
    },
    "done": true
  },
  "majruszsdifficulty:game_stage_normal": {
    "criteria": {
      "is_triggered": "2024-10-09 22:04:50 +0000"
    },
    "done": true
  },
  "treasure2:grant_book_on_first_join": {
    "criteria": {
      "tick": "2024-10-09 22:04:56 +0000"
    },
    "done": true
  },
  "repurposed_structures:root": {
    "criteria": {
      "always": "2024-10-09 22:04:56 +0000"
    },
    "done": true
  },
  "minecraft:recipes/decorations/crafting_table": {
    "criteria": {
      "unlock_right_away": "2024-10-09 22:04:56 +0000"
    },
    "done": true
  },
  "biomesoplenty:recipes/transportation/fir_boat": {
    "criteria": {
      "in_water": "2024-10-09 22:04:57 +0000"
    },
    "done": true
  },
  "biomesoplenty:biomesoplenty/all_biomes": {
    "criteria": {
      "lush_savanna": "2024-10-09 22:07:35 +0000",
      "wasteland": "2024-10-09 22:07:24 +0000",
      "lush_desert": "2024-10-09 22:07:42 +0000"
    },
    "done": false
  },
  "minecraft:recipes/transportation/cherry_boat": {
    "criteria": {
      "in_water": "2024-10-09 22:04:57 +0000"
    },
    "done": true
  },
  "minecraft:adventure/kill_all_mobs": {
    "criteria": {
      "minecraft:spider": "2024-10-09 22:18:05 +0000"
    },
    "done": false
  },
  "biomesoplenty:recipes/transportation/umbran_boat": {
    "criteria": {
      "in_water": "2024-10-09 22:04:57 +0000"
    },
    "done": true
  },
  "mowziesmobs:root": {
    "criteria": {
      "custom_test_name": "2024-10-09 22:04:56 +0000"
    },
    "done": true
  },
  "minecraft:recipes/transportation/bamboo_raft": {
    "criteria": {
      "in_water": "2024-10-09 22:04:57 +0000"
    },
    "done": true
  },
  "biomesoplenty:recipes/transportation/maple_boat": {
    "criteria": {
      "in_water": "2024-10-09 22:04:57 +0000"
    },
    "done": true
  },
  "minecraft:recipes/misc/green_dye": {
    "criteria": {
      "has_cactus": "2024-10-09 22:17:46 +0000"
    },
    "done": true
  },
  "biomesoplenty:recipes/transportation/dead_boat": {
    "criteria": {
      "in_water": "2024-10-09 22:04:57 +0000"
    },
    "done": true
  },
  "minecraft:recipes/transportation/spruce_boat": {
    "criteria": {
      "in_water": "2024-10-09 22:04:57 +0000"
    },
    "done": true
  },
  "biomesoplenty:recipes/transportation/magic_boat": {
    "criteria": {
      "in_water": "2024-10-09 22:04:57 +0000"
    },
    "done": true
  },
  "minecraft:recipes/transportation/birch_boat": {
    "criteria": {
      "in_water": "2024-10-09 22:04:57 +0000"
    },
    "done": true
  },
  "minecraft:recipes/transportation/oak_boat": {
    "criteria": {
      "in_water": "2024-10-09 22:04:57 +0000"
    },
    "done": true
  },
  "biomesoplenty:recipes/transportation/redwood_boat": {
    "criteria": {
      "in_water": "2024-10-09 22:04:57 +0000"
    },
    "done": true
  },
  "biomesoplenty:recipes/building_blocks/orange_sandstone": {
    "criteria": {
      "has_orange_sand": "2024-10-09 22:18:46 +0000"
    },
    "done": true
  },
  "incendium:technical/new_player": {
    "criteria": {
      "requirement": "2024-10-09 22:04:56 +0000"
    },
    "done": true
  },
  "minecraft:recipes/transportation/mangrove_boat": {
    "criteria": {
      "in_water": "2024-10-09 22:04:57 +0000"
    },
    "done": true
  },
  "incendium:technical/scroll_of_returning": {
    "criteria": {
      "log_spam_fixer": "2024-10-09 22:04:56 +0000"
    },
    "done": false
  },
  "biomesoplenty:recipes/transportation/hellbark_boat": {
    "criteria": {
      "in_water": "2024-10-09 22:04:57 +0000"
    },
    "done": true
  },
  "incendium:technical/using/ragnarok": {
    "criteria": {
      "log_spam_fixer": "2024-10-09 22:04:56 +0000"
    },
    "done": false
  },
  "biomesoplenty:recipes/transportation/jacaranda_boat": {
    "criteria": {
      "in_water": "2024-10-09 22:04:57 +0000"
    },
    "done": true
  },
  "biomesoplenty:recipes/transportation/mahogany_boat": {
    "criteria": {
      "in_water": "2024-10-09 22:04:57 +0000"
    },
    "done": true
  },
  "biomesoplenty:recipes/transportation/palm_boat": {
    "criteria": {
      "in_water": "2024-10-09 22:04:57 +0000"
    },
    "done": true
  },
  "biomesoplenty:recipes/transportation/empyreal_boat": {
    "criteria": {
      "in_water": "2024-10-09 22:04:57 +0000"
    },
    "done": true
  },
  "biomesoplenty:biomesoplenty/root": {
    "criteria": {
      "wasteland": "2024-10-09 22:07:24 +0000"
    },
    "done": true
  },
  "biomesoplenty:recipes/transportation/pine_boat": {
    "criteria": {
      "in_water": "2024-10-09 22:04:57 +0000"
    },
    "done": true
  },
  "incendium:technical/using/trailblazer": {
    "criteria": {
      "log_spam_fixer": "2024-10-09 22:04:56 +0000"
    },
    "done": false
  },
  "minecraft:recipes/transportation/acacia_boat": {
    "criteria": {
      "in_water": "2024-10-09 22:04:57 +0000"
    },
    "done": true
  },
  "minecraft:adventure/root": {
    "criteria": {
      "killed_something": "2024-10-09 22:18:05 +0000"
    },
    "done": true
  },
  "minecraft:adventure/kill_a_mob": {
    "criteria": {
      "minecraft:spider": "2024-10-09 22:18:05 +0000"
    },
    "done": true
  },
  "minecraft:adventure/adventuring_time": {
    "criteria": {
      "minecraft:river": "2024-10-09 22:07:42 +0000",
      "minecraft:desert": "2024-10-09 22:07:58 +0000",
      "minecraft:warm_ocean": "2024-10-09 22:04:56 +0000"
    },
    "done": false
  },
  "incendium:technical/using/shield": {
    "criteria": {
      "log_spam_fixer": "2024-10-09 22:04:56 +0000"
    },
    "done": false
  },
  "repurposed_structures:ruins": {
    "criteria": {
      "in_ruins_land_hot": "2024-10-09 22:08:46 +0000"
    },
    "done": false
  },
  "minecraft:recipes/transportation/jungle_boat": {
    "criteria": {
      "in_water": "2024-10-09 22:04:57 +0000"
    },
    "done": true
  },
  "minecraft:recipes/transportation/dark_oak_boat": {
    "criteria": {
      "in_water": "2024-10-09 22:04:57 +0000"
    },
    "done": true
  },
  "DataVersion": 3465
}